Original_Text,Summary,French_Translation,Spanish_Translation,Sentiment,Sentiment_Score,Question_Answers
"Artificial intelligence is becoming an important part of modern life. It is a technology that allows computers and machines to perform tasks that normally require human intelligence. These tasks include understanding language, recognizing images, making predictions, solving problems, and supporting decision making. AI is now being used in many areas such as healthcare, education, transportation, business, agriculture, and entertainment.

In healthcare, artificial intelligence can help doctors and medical professionals analyze medical images and patient information. AI systems can identify patterns in medical data and assist doctors in detecting certain diseases at an early stage. AI can also support hospitals by helping with appointment scheduling, patient monitoring, and administrative work. However, doctors and healthcare professionals still need to make important decisions because AI systems can sometimes produce incorrect results.

Education is another area where artificial intelligence is being used. AI-powered learning systems can provide personalized learning experiences for students. These systems can analyze a student's performance and suggest learning materials based on their needs. AI assistants can also answer questions, explain difficult concepts, and help students practice different subjects. Teachers can use AI tools to prepare educational materials and analyze student progress.

Businesses are also adopting artificial intelligence to improve their operations. AI can automate repetitive tasks, analyze large amounts of information, and help companies understand customer behavior. Chatbots can answer common customer questions, while recommendation systems can suggest products and services. AI can therefore save time and support employees in their daily activities.

Transportation is another field where AI has many applications. AI can analyze traffic information and help improve route planning. Modern vehicles can use intelligent systems to provide safety features such as automatic emergency braking, lane assistance, and driver monitoring. Researchers are also developing autonomous vehicles that can make decisions using sensors and AI algorithms.

Artificial intelligence is also changing agriculture. Farmers can use AI systems to analyze weather information, monitor crops, and identify plant diseases. Drones and sensors can collect information from fields, helping farmers use water and fertilizers more efficiently. These technologies can improve productivity and reduce waste.

Although AI provides many benefits, it also creates challenges. Privacy, security, bias, job changes, and the reliability of AI-generated information are important concerns. AI systems learn from data, so poor-quality or biased data can affect their results. Organizations therefore need to use AI responsibly and ensure that humans remain involved in important decisions.

The future of artificial intelligence will depend on how people develop and use these technologies. AI can support humans in many tasks, but it should be designed with safety, transparency, fairness, and accountability in mind. By combining human knowledge with AI capabilities, society can use artificial intelligence to solve problems and create useful innovations."," Artificial intelligence allows computers and machines to perform tasks that normally require human intelligence . It is now being used in many areas such as healthcare, education, transportation, business, agriculture, and entertainment . The future of artificial intelligence will depend on how people develop and use these technologies .","L'intelligence artificielle devient une partie importante de la vie moderne. C'est une technologie qui permet aux ordinateurs et aux machines d'exécuter des tâches qui nécessitent normalement de l'intelligence humaine.Ces tâches comprennent la compréhension du langage, la reconnaissance des images, la réalisation de prédictions, la résolution des problèmes et le soutien à la prise de décisions. L'intelligence artificielle est maintenant utilisée dans de nombreux domaines tels que les soins de santé, l'éducation, les transports, les affaires, l'agriculture et le divertissement.","La inteligencia artificial se está convirtiendo en una parte importante de la vida moderna. Es una tecnología que permite a las computadoras y máquinas realizar tareas que normalmente requieren inteligencia humana. Estas tareas incluyen entender el lenguaje, reconocer imágenes, hacer predicciones, resolver problemas y apoyar la toma de decisiones. La IA se está utilizando ahora en muchas áreas como salud, educación, transporte, negocios, agricultura y entretenimiento. En la salud, la inteligencia artificial puede ayudar a los médicos y profesionales médicos a analizar imágenes médicas e información del paciente. Los sistemas de IA pueden identificar patrones en los datos médicos y ayudar a los médicos a detectar ciertas enfermedades en una etapa temprana. La IA también puede ayudar a los hospitales ayudando con la programación de citas, monitoreo de pacientes y trabajo administrativo. Sin embargo, los médicos y profesionales de la salud todavía necesitan tomar decisiones importantes porque los sistemas de IA a veces pueden producir resultados incorrectos.",POSITIVE,0.9856564998626709,"Q1: What is artificial intelligence? | Answer: a technology that enables computers to perform tasks that normally require human intelligence
Q2: Where is artificial intelligence used? | Answer: healthcare, education, business, transportation
Q3: What can AI help doctors analyze? | Answer: medical images and patient information
Q4: What can AI help businesses automate? | Answer: repetitive tasks
Q5: How can AI support education? | Answer: personalized learning
"
